<?xml version="1.0" encoding="utf-8"?>
<!DOCTYPE hibernate-configuration SYSTEM 
"http://www.hibernate.org/dtd/hibernate-configuration-3.0.dtd">

<hibernate-configuration>
   <session-factory>
   <property name="hibernate.dialect">
      org.hibernate.dialect.Oracle10gDialect
   </property>
   <property name="hibernate.connection.driver_class">
      oracle.jdbc.driver.OracleDriver
   </property>

   <!-- Assume test is the database name -->
   <property name="hibernate.connection.url">
      jdbc:oracle:thin:@localhost:1521:orcl12
   </property>
   <property name="hibernate.connection.username">
      system
   </property>
   <property name="hibernate.connection.password">
      Oracle11G
   </property>
 <!-- <property name="hibernate.hbm2ddl.auto">update</property> -->
 <!-- <property name="hbm2ddl.auto">create</property> -->
 
 <mapping class="com.springrest.beans.EmployeeDimensions"/>
 <mapping class="com.springrest.beans.Login"/>
 <mapping class="com.springrest.beans.Product"/>
 <mapping class="com.springrest.beans.CartItem"/>
 <mapping class="com.springrest.beans.SHOPPING_CART_USER"/>
  <mapping class="com.springrest.beans.Registration"/>
 <!-- <mapping class="com.springrest.beans.Cart"/>
 <mapping class="com.springrest.beans.CartItem"/> -->
   <!-- List of XML mapping files 
   <mapping resource="Employee.hbm.xml"/>
 -->
</session-factory>
</hibernate-configuration>